{"cameraMode":{"drawMode":0,"name":"Shaded","section":"Shading Mode"},"sceneLighting":false,"audioPlay":false,"sceneViewState":{"showFog":true,"showMaterialUpdate":false,"showSkybox":false,"showFlares":true,"showImageEffects":true,"showParticleSystems":true},"in2DMode":false,"pivot":{"x":-3.4237916469573976,"y":-2.807326078414917,"z":8.370888710021973},"rotation":{"x":0.04038587212562561,"y":0.7346614599227905,"z":0.043905772268772128,"w":-0.6758118867874146},"size":1.611904501914978,"orthographic":false}