{"cameraMode":{"drawMode":0,"name":"Shaded","section":"Shading Mode"},"sceneLighting":false,"audioPlay":false,"sceneViewState":{"showFog":true,"showMaterialUpdate":false,"showSkybox":false,"showFlares":true,"showImageEffects":true,"showParticleSystems":true},"in2DMode":false,"pivot":{"x":-1.3354405164718629,"y":1.2533321380615235,"z":3.796888589859009},"rotation":{"x":-0.23118256032466889,"y":-0.6329182982444763,"z":0.20601364970207215,"w":-0.7096957564353943},"size":0.9270557761192322,"orthographic":false}