{"cameraMode":{"drawMode":0,"name":"Shaded","section":"Shading Mode"},"sceneLighting":false,"audioPlay":false,"sceneViewState":{"showFog":true,"showMaterialUpdate":false,"showSkybox":false,"showFlares":true,"showImageEffects":true,"showParticleSystems":true},"in2DMode":false,"pivot":{"x":-6.872206211090088,"y":-4.67751932144165,"z":9.313522338867188},"rotation":{"x":-0.1258615404367447,"y":0.35655248165130618,"z":-0.048541177064180377,"w":-0.92448890209198},"size":5.033906936645508,"orthographic":false}