{"cameraMode":{"drawMode":0,"name":"Shaded","section":"Shading Mode"},"sceneLighting":false,"audioPlay":false,"sceneViewState":{"showFog":true,"showMaterialUpdate":false,"showSkybox":false,"showFlares":true,"showImageEffects":true,"showParticleSystems":true},"in2DMode":false,"pivot":{"x":-3.725290298461914e-9,"y":0.0,"z":7.450580596923828e-9},"rotation":{"x":0.02241610921919346,"y":0.9294134378433228,"z":-0.3640211224555969,"w":0.05701944977045059},"size":0.08190985023975373,"orthographic":false}