{"cameraMode":{"drawMode":0,"name":"Shaded","section":"Shading Mode"},"sceneLighting":false,"audioPlay":false,"sceneViewState":{"showFog":true,"showMaterialUpdate":false,"showSkybox":false,"showFlares":true,"showImageEffects":true,"showParticleSystems":true},"in2DMode":false,"pivot":{"x":4.041203022003174,"y":-0.1343441605567932,"z":2.0677733421325685},"rotation":{"x":-0.15762366354465486,"y":0.11142729222774506,"z":-0.017902743071317674,"w":-0.9810319542884827},"size":1.1638938188552857,"orthographic":false}