{"cameraMode":{"drawMode":0,"name":"Shaded","section":"Shading Mode"},"sceneLighting":false,"audioPlay":false,"sceneViewState":{"showFog":true,"showMaterialUpdate":false,"showSkybox":false,"showFlares":true,"showImageEffects":true,"showParticleSystems":true},"in2DMode":false,"pivot":{"x":-12.752021789550782,"y":10.972782135009766,"z":3.313586950302124},"rotation":{"x":0.029684042558073999,"y":-0.8752954602241516,"z":0.054172106087207797,"w":0.4796450138092041},"size":8.943597793579102,"orthographic":false}