{"cameraMode":{"drawMode":0,"name":"Shaded","section":"Shading Mode"},"sceneLighting":true,"audioPlay":false,"sceneViewState":{"showFog":true,"showMaterialUpdate":false,"showSkybox":true,"showFlares":true,"showImageEffects":true,"showParticleSystems":true},"in2DMode":false,"pivot":{"x":-1.5038495063781739,"y":5.713974952697754,"z":-7.261192798614502},"rotation":{"x":-0.10340317338705063,"y":-0.8230563998222351,"z":0.15898750722408296,"w":-0.5353789925575256},"size":3.432368755340576,"orthographic":false}