{"cameraMode":{"drawMode":0,"name":"Shaded","section":"Shading Mode"},"sceneLighting":false,"audioPlay":false,"sceneViewState":{"showFog":true,"showMaterialUpdate":false,"showSkybox":false,"showFlares":true,"showImageEffects":true,"showParticleSystems":true},"in2DMode":false,"pivot":{"x":4.041202545166016,"y":-0.13434413075447083,"z":2.0677733421325685},"rotation":{"x":0.11047987639904022,"y":-0.6674242615699768,"z":0.10108530521392822,"w":0.7294771671295166},"size":1.7321144342422486,"orthographic":false}