{"cameraMode":{"drawMode":0,"name":"Shaded","section":"Shading Mode"},"sceneLighting":true,"audioPlay":false,"sceneViewState":{"showFog":true,"showMaterialUpdate":false,"showSkybox":true,"showFlares":true,"showImageEffects":true,"showParticleSystems":true},"in2DMode":false,"pivot":{"x":25.434064865112306,"y":25.4141902923584,"z":7.077055931091309},"rotation":{"x":-0.04720211401581764,"y":0.8376279473304749,"z":-0.07332046329975128,"w":-0.5392764210700989},"size":2.058267116546631,"orthographic":false}