{"cameraMode":{"drawMode":0,"name":"Shaded","section":"Shading Mode"},"sceneLighting":false,"audioPlay":false,"sceneViewState":{"showFog":true,"showMaterialUpdate":false,"showSkybox":false,"showFlares":true,"showImageEffects":true,"showParticleSystems":true},"in2DMode":false,"pivot":{"x":-0.08879661560058594,"y":-1.6843433380126954,"z":1.9877734184265137},"rotation":{"x":0.11047987639904022,"y":-0.6674242615699768,"z":0.10108530521392822,"w":0.7294771671295166},"size":1.7915613651275635,"orthographic":false}