{"cameraMode":{"drawMode":0,"name":"Shaded","section":"Shading Mode"},"sceneLighting":false,"audioPlay":false,"sceneViewState":{"showFog":true,"showMaterialUpdate":false,"showSkybox":false,"showFlares":true,"showImageEffects":true,"showParticleSystems":true},"in2DMode":false,"pivot":{"x":-8.596043586730957,"y":6.645150184631348,"z":-6.4199395179748539},"rotation":{"x":0.11047987639904022,"y":-0.6674242615699768,"z":0.10108530521392822,"w":0.7294771671295166},"size":6.858613014221191,"orthographic":false}