{"cameraMode":{"drawMode":0,"name":"Shaded","section":"Shading Mode"},"sceneLighting":false,"audioPlay":false,"sceneViewState":{"showFog":true,"showMaterialUpdate":false,"showSkybox":false,"showFlares":true,"showImageEffects":true,"showParticleSystems":true},"in2DMode":false,"pivot":{"x":2.6671807765960695,"y":8.70209789276123,"z":-6.786983489990234},"rotation":{"x":0.008156189695000649,"y":0.9898366332054138,"z":-0.12720350921154023,"w":0.0634218379855156},"size":10.0,"orthographic":false}