{"cameraMode":{"drawMode":0,"name":"Shaded","section":"Shading Mode"},"sceneLighting":false,"audioPlay":false,"sceneViewState":{"showFog":true,"showMaterialUpdate":false,"showSkybox":false,"showFlares":true,"showImageEffects":true,"showParticleSystems":true},"in2DMode":false,"pivot":{"x":5.595005035400391,"y":0.636196494102478,"z":4.293278694152832},"rotation":{"x":-0.018543871119618417,"y":0.9626221060752869,"z":-0.06827704608440399,"w":-0.2614445388317108},"size":2.89424204826355,"orthographic":false}