{"cameraMode":{"drawMode":0,"name":"Shaded","section":"Shading Mode"},"sceneLighting":true,"audioPlay":false,"sceneViewState":{"showFog":true,"showMaterialUpdate":false,"showSkybox":true,"showFlares":true,"showImageEffects":true,"showParticleSystems":true},"in2DMode":false,"pivot":{"x":6.314426422119141,"y":3.9970030784606935,"z":2.0602784156799318},"rotation":{"x":-0.11265137046575546,"y":0.7834545373916626,"z":-0.14889459311962129,"w":-0.5927457809448242},"size":3.739206075668335,"orthographic":false}