{"cameraMode":{"drawMode":0,"name":"Shaded","section":"Shading Mode"},"sceneLighting":false,"audioPlay":false,"sceneViewState":{"showFog":true,"showMaterialUpdate":false,"showSkybox":false,"showFlares":true,"showImageEffects":true,"showParticleSystems":true},"in2DMode":false,"pivot":{"x":9.209639549255371,"y":0.9547309875488281,"z":22.0810604095459},"rotation":{"x":-0.018543871119618417,"y":0.9626221060752869,"z":-0.06827704608440399,"w":-0.2614445388317108},"size":3.359783411026001,"orthographic":false}